{"cameraMode":{"drawMode":0,"name":"Shaded","section":"Shading Mode"},"sceneLighting":false,"audioPlay":false,"sceneViewState":{"showFog":true,"showMaterialUpdate":false,"showSkybox":true,"showFlares":true,"showImageEffects":true,"showParticleSystems":true},"in2DMode":false,"pivot":{"x":7.127223968505859,"y":-1.097360372543335,"z":17.670610427856447},"rotation":{"x":0.04378252476453781,"y":-0.21317337453365327,"z":0.28873199224472048,"w":-0.9323492050170898},"size":10.0,"orthographic":false}